company_id,country,city,sector,stage,legal_form,founded_year,employees,annual_revenue_usd,ebitda_margin_pct,debt_equity_ratio,credit_score,yoy_growth_pct,financial_clarity_score,governance_score,market_position_score,deal_readiness_score,is_client,primary_service_interest,onboarding_date
CO0001,UAE,Sharjah,ECommerce,Growth,Sole Proprietorship,2009,1516,11243000,-0.041,2.27,773,8.7,3,1,3,2.07,1,Investor Matching,2021-05-29
CO0002,Egypt,Cairo,Retail,Series B,Partnership,2008,1676,31457000,0.246,2.32,621,3.6,9,7,9,6.77,0,Fundraising,
CO0003,India,Mumbai,HealthTech,Series A,Sole Proprietorship,2016,42,686000,-0.177,1.96,311,45.0,4,10,6,6.1,0,Due Diligence,
CO0004,India,Mumbai,Retail,Pre-IPO,Partnership,2022,937,5445000,0.137,2.58,723,93.4,5,3,7,5.87,1,Investor Matching,2021-01-20
CO0005,UAE,Sharjah,Logistics,Growth,Partnership,2021,607,1716000,0.335,0.92,372,8.4,7,8,4,5.27,1,Due Diligence,2023-07-28
CO0006,UAE,Abu Dhabi,Fintech,Series A,LLC,2013,46,2642000,-0.234,2.21,500,6.9,5,4,4,3.64,1,Investor Matching,2024-06-26
CO0007,UAE,Dubai,Real Estate,Profitable SME,Private Limited,2008,191,71652000,-0.295,1.49,821,73.6,4,4,2,4.17,0,Investor Matching,
CO0008,Bahrain,Manama,Logistics,Pre-IPO,Sole Proprietorship,2006,661,494000,-0.018,2.65,804,15.6,2,5,5,3.41,1,Fundraising,2024-02-28
CO0009,India,Bangalore,Manufacturing,Profitable SME,Partnership,2008,550,4068000,-0.24,0.56,338,2.7,2,6,8,4.15,0,M&A Advisory,
CO0010,India,Bangalore,Manufacturing,Growth,Sole Proprietorship,2006,889,5258000,0.186,2.28,359,11.7,4,7,7,4.93,0,Investor Matching,
CO0011,UAE,Sharjah,Retail,Growth,Sole Proprietorship,2019,751,11040000,0.294,0.74,620,110.1,10,4,7,7.75,1,Investor Matching,2021-07-24
CO0012,Singapore,Singapore,AgriTech,Series B,Partnership,2006,1620,3374000,-0.018,1.11,734,96.8,10,8,6,8.44,0,Fundraising,
CO0013,Saudi Arabia,Riyadh,NBFC,Profitable SME,Free Zone Entity,2008,1732,4342000,-0.132,0.87,707,36.0,9,6,3,5.67,0,M&A Advisory,
CO0014,UAE,Dubai,AgriTech,Pre-IPO,Private Limited,2010,1615,1875000,-0.018,0.73,685,75.3,8,1,5,5.41,0,Strategic Advisory,
CO0015,UAE,Sharjah,ECommerce,Seed,Private Limited,2011,52,4144000,0.17,3.3,377,59.8,3,1,1,2.6,1,Strategic Advisory,2021-05-31
CO0016,UAE,Sharjah,SaaS,Seed,LLC,2014,33,1987000,-0.294,1.14,493,78.0,9,9,7,8.26,1,M&A Advisory,2024-01-07
CO0017,UAE,Sharjah,CleanEnergy,Series A,LLC,2016,14,6325000,0.083,3.71,584,78.7,5,10,9,7.82,0,Due Diligence,
CO0018,India,Mumbai,AgriTech,Pre-IPO,LLC,2007,1954,1925000,0.099,3.88,826,71.7,3,6,1,4.08,0,Fundraising,
CO0019,India,Pune,CleanEnergy,Profitable SME,Private Limited,2017,330,4717000,0.114,2.29,823,24.6,5,10,2,4.99,0,M&A Advisory,
CO0020,UAE,Abu Dhabi,CleanEnergy,Series A,Free Zone Entity,2022,25,2896000,-0.143,0.57,455,-4.9,10,8,3,5.75,0,Strategic Advisory,
CO0021,India,Mumbai,Real Estate,Series B,Private Limited,2012,905,11587000,0.164,1.5,639,49.2,4,7,3,4.68,0,Investor Matching,
CO0022,UAE,Dubai,Fintech,Series A,Private Limited,2019,79,2821000,-0.241,3.19,424,105.8,8,6,8,7.9,0,Strategic Advisory,
CO0023,UAE,Dubai,Real Estate,Profitable SME,Private Limited,2005,203,357000,-0.17,1.47,579,64.0,5,4,7,5.53,1,Investor Matching,2022-03-13
CO0024,UAE,Dubai,CleanEnergy,Pre-IPO,Private Limited,2007,663,13639000,0.27,0.35,427,98.2,10,7,6,8.21,1,Fundraising,2023-11-03
CO0025,India,Bangalore,Logistics,Pre-IPO,Free Zone Entity,2012,1800,1012000,0.18,2.23,613,118.9,8,9,10,9.15,0,Investor Matching,
CO0026,Saudi Arabia,Riyadh,Manufacturing,Series B,LLC,2008,711,1369000,-0.291,3.38,631,11.3,9,10,10,7.93,0,M&A Advisory,
CO0027,UAE,Sharjah,CleanEnergy,Series B,Sole Proprietorship,2020,132,1468000,-0.139,3.18,449,79.9,4,10,4,6.3,0,Investor Matching,
CO0028,India,Pune,Real Estate,Series A,LLC,2014,21,15610000,-0.161,0.7,753,77.7,7,7,9,7.65,1,Due Diligence,2022-06-28
CO0029,India,Mumbai,Logistics,Seed,LLC,2016,64,231000,-0.124,2.69,335,117.4,2,1,1,3.1,0,M&A Advisory,
CO0030,UAE,Sharjah,Real Estate,Pre-IPO,Sole Proprietorship,2018,948,129530000,-0.139,0.88,719,118.1,6,10,2,6.8,0,Fundraising,
CO0031,India,Bangalore,AgriTech,Pre-IPO,Private Limited,2018,1499,10653000,-0.259,0.87,321,79.3,8,9,4,7.24,1,M&A Advisory,2021-09-29
CO0032,UAE,Sharjah,HealthTech,Profitable SME,Free Zone Entity,2006,1348,3922000,-0.002,3.5,505,21.7,7,4,3,4.28,1,Due Diligence,2022-12-16
CO0033,UAE,Sharjah,Retail,Profitable SME,Free Zone Entity,2009,1786,2809000,0.176,1.0,655,93.8,7,3,1,4.98,1,Fundraising,2021-05-21
CO0034,Egypt,Cairo,NBFC,Series B,LLC,2009,333,4226000,0.094,1.05,739,3.9,8,4,5,4.73,1,Strategic Advisory,2022-05-16
CO0035,Singapore,Singapore,SaaS,Growth,Sole Proprietorship,2010,1029,5607000,0.137,0.0,395,91.5,7,4,7,6.68,1,Due Diligence,2023-01-27
CO0036,Saudi Arabia,Riyadh,Real Estate,Profitable SME,Partnership,2017,222,6507000,-0.247,3.48,463,108.3,5,10,2,6.5,1,Fundraising,2022-08-07
CO0037,UAE,Sharjah,NBFC,Pre-IPO,Private Limited,2013,1400,5844000,0.318,3.17,447,39.8,7,2,5,4.65,1,Investor Matching,2021-11-20
CO0038,UAE,Sharjah,EdTech,Series A,LLC,2019,5,3340000,0.245,2.51,829,72.0,10,1,6,6.19,0,M&A Advisory,
CO0039,India,Hyderabad,Real Estate,Series B,Free Zone Entity,2018,1136,2367000,0.223,3.0,593,45.9,3,10,7,6.07,0,Fundraising,
CO0040,India,Bangalore,HealthTech,Seed,Sole Proprietorship,2011,28,2502000,0.235,0.61,494,46.9,5,1,1,2.94,0,M&A Advisory,
CO0041,UAE,Abu Dhabi,NBFC,Profitable SME,Sole Proprietorship,2006,812,2374000,0.306,1.83,779,30.3,7,8,7,6.46,1,Investor Matching,2023-06-17
CO0042,India,Pune,SaaS,Growth,LLC,2011,1709,11695000,0.054,1.4,422,89.1,9,2,4,5.98,1,Fundraising,2024-01-18
CO0043,UAE,Abu Dhabi,CleanEnergy,Series A,Partnership,2010,9,6116000,-0.17,0.38,699,111.7,2,10,8,7.1,0,Strategic Advisory,
CO0044,Bahrain,Manama,Real Estate,Growth,Free Zone Entity,2021,682,100000,0.101,1.94,751,112.3,4,5,4,5.45,1,Due Diligence,2024-12-11
CO0045,UAE,Dubai,Fintech,Growth,LLC,2006,1581,6591000,0.183,3.68,403,12.7,7,4,6,4.85,0,Fundraising,
CO0046,India,Bangalore,Retail,Series A,Partnership,2007,62,3790000,0.18,0.16,761,103.7,1,8,9,6.55,0,Investor Matching,
CO0047,UAE,Sharjah,HealthTech,Seed,Sole Proprietorship,2009,35,2933000,0.039,1.17,695,85.9,2,2,5,4.07,1,Fundraising,2022-09-12
CO0048,India,Hyderabad,ECommerce,Growth,Private Limited,2009,1061,1882000,-0.256,0.83,636,22.9,9,10,4,6.66,0,M&A Advisory,
CO0049,India,Delhi,ECommerce,Series B,Free Zone Entity,2005,447,11560000,-0.059,0.95,441,-1.3,10,9,8,7.25,1,Fundraising,2024-06-06
CO0050,UAE,Abu Dhabi,NBFC,Growth,Free Zone Entity,2012,1193,9353000,0.298,3.63,616,24.8,7,7,9,6.6,1,Strategic Advisory,2024-09-01
CO0051,Singapore,Singapore,HealthTech,Series B,Partnership,2016,983,1187000,0.08,1.87,826,108.6,10,7,4,7.75,0,Fundraising,
CO0052,India,Bangalore,Logistics,Pre-IPO,LLC,2008,1510,4889000,0.05,1.87,700,72.3,7,1,3,4.55,1,Due Diligence,2023-12-20
CO0053,Egypt,Cairo,SaaS,Series B,Sole Proprietorship,2017,1902,935000,-0.125,3.04,609,83.7,6,2,8,5.97,0,Fundraising,
CO0054,Bahrain,Manama,Retail,Series B,Partnership,2019,725,573000,-0.061,0.62,794,23.4,3,4,5,3.62,1,M&A Advisory,2021-01-17
CO0055,India,Bangalore,CleanEnergy,Pre-IPO,Private Limited,2015,985,1414000,0.282,1.95,408,83.5,10,4,2,6.17,1,Fundraising,2024-09-29
CO0056,Egypt,Cairo,Real Estate,Series B,Private Limited,2014,514,8444000,0.133,1.72,671,-6.3,3,3,10,4.15,0,Strategic Advisory,
CO0057,UAE,Abu Dhabi,Real Estate,Seed,Private Limited,2007,12,9416000,0.212,2.39,505,38.8,2,7,9,5.38,0,Investor Matching,
CO0058,UAE,Dubai,ECommerce,Seed,Partnership,2018,68,5553000,-0.005,4.0,342,71.5,6,8,3,5.98,1,Fundraising,2024-02-10
CO0059,UAE,Dubai,Real Estate,Growth,Sole Proprietorship,2020,369,7162000,0.11,3.08,544,9.0,4,2,2,2.38,1,Fundraising,2022-09-06
CO0060,UAE,Abu Dhabi,Retail,Growth,Free Zone Entity,2014,722,5574000,-0.139,1.59,586,97.0,5,4,1,4.69,0,Due Diligence,
CO0061,UAE,Dubai,Fintech,Growth,LLC,2014,1449,1389000,0.159,3.31,654,20.6,3,3,8,4.06,1,Strategic Advisory,2024-09-20
CO0062,UAE,Abu Dhabi,EdTech,Series A,Free Zone Entity,2016,29,5038000,-0.022,0.68,775,74.8,6,2,3,4.55,0,Investor Matching,
CO0063,Saudi Arabia,Riyadh,Manufacturing,Seed,Sole Proprietorship,2013,77,7839000,-0.012,0.12,382,42.7,3,6,7,5.0,0,M&A Advisory,
CO0064,UAE,Abu Dhabi,AgriTech,Seed,Free Zone Entity,2005,70,7417000,0.122,0.82,409,67.5,8,4,1,5.0,0,Fundraising,
CO0065,UAE,Sharjah,NBFC,Series A,Partnership,2009,54,12495000,0.309,1.36,489,4.0,9,6,1,4.53,0,Investor Matching,
CO0066,India,Delhi,Fintech,Series B,Private Limited,2012,870,7019000,-0.258,2.04,550,-7.8,4,2,9,3.95,1,M&A Advisory,2021-08-01
CO0067,UAE,Dubai,CleanEnergy,Series A,Sole Proprietorship,2015,53,4574000,0.236,2.46,590,108.2,9,4,8,7.7,0,Strategic Advisory,
CO0068,Saudi Arabia,Riyadh,ECommerce,Series B,Sole Proprietorship,2016,1050,10835000,-0.11,3.64,500,25.1,7,6,3,4.85,0,Strategic Advisory,
CO0069,UAE,Sharjah,NBFC,Profitable SME,Free Zone Entity,2005,383,2906000,-0.011,2.04,625,96.6,3,5,6,5.58,1,Investor Matching,2021-10-03
CO0070,Singapore,Singapore,Real Estate,Series A,Partnership,2015,45,1041000,-0.286,2.01,810,119.9,7,3,3,5.6,0,M&A Advisory,
CO0071,India,Hyderabad,HealthTech,Series B,Free Zone Entity,2009,90,2467000,-0.104,0.2,708,17.5,1,8,4,3.65,1,Strategic Advisory,2022-06-26
CO0072,UAE,Sharjah,CleanEnergy,Growth,Free Zone Entity,2019,1781,1227000,0.027,0.14,807,24.5,3,7,1,3.39,1,Investor Matching,2021-08-25
CO0073,UAE,Dubai,NBFC,Series A,Sole Proprietorship,2009,25,1334000,-0.263,2.2,371,76.2,6,3,5,5.32,1,Strategic Advisory,2021-08-08
CO0074,Saudi Arabia,Riyadh,SaaS,Growth,Free Zone Entity,2016,1037,2522000,0.019,1.75,546,115.5,4,6,1,4.95,0,Strategic Advisory,
CO0075,India,Hyderabad,Real Estate,Pre-IPO,Private Limited,2009,1849,1159000,0.303,3.36,643,109.1,7,4,1,5.35,1,Strategic Advisory,2024-02-08
CO0076,India,Mumbai,NBFC,Profitable SME,Free Zone Entity,2021,563,2073000,-0.231,0.64,353,55.4,3,5,10,5.76,0,Due Diligence,
CO0077,India,Pune,HealthTech,Seed,Private Limited,2021,17,309000,0.197,0.1,827,93.4,1,5,7,5.17,0,M&A Advisory,
CO0078,UAE,Abu Dhabi,SaaS,Profitable SME,Sole Proprietorship,2016,1710,3875000,-0.034,1.8,831,7.6,9,7,6,6.1,1,Investor Matching,2021-11-15
CO0079,UAE,Sharjah,Real Estate,Series B,Partnership,2019,1695,3004000,0.126,0.95,492,117.1,6,5,2,5.55,1,Investor Matching,2022-07-12
CO0080,UAE,Sharjah,EdTech,Series A,Private Limited,2019,20,1125000,-0.131,0.2,357,115.4,8,3,2,5.65,0,M&A Advisory,
CO0081,Bahrain,Manama,Fintech,Series B,Partnership,2010,1705,6617000,-0.196,2.9,736,11.3,3,10,7,5.38,1,M&A Advisory,2022-08-01
CO0082,India,Delhi,Logistics,Profitable SME,Partnership,2016,1200,9241000,-0.196,0.45,410,28.9,8,5,1,4.48,0,M&A Advisory,
CO0083,UAE,Sharjah,ECommerce,Series B,Private Limited,2022,1328,436000,-0.254,2.43,428,3.0,2,7,2,2.91,1,M&A Advisory,2024-05-23
CO0084,UAE,Dubai,AgriTech,Series A,Sole Proprietorship,2018,14,1201000,-0.179,1.12,625,25.3,4,5,8,4.96,1,Fundraising,2022-03-08
CO0085,UAE,Sharjah,Retail,Growth,LLC,2006,1089,1192000,0.132,0.69,307,96.1,3,5,6,5.57,0,Investor Matching,
CO0086,UAE,Dubai,ECommerce,Series A,Partnership,2013,21,971000,0.273,1.52,328,39.2,10,9,2,6.53,1,Fundraising,2022-12-04
CO0087,India,Mumbai,AgriTech,Seed,Partnership,2009,44,8117000,0.229,3.21,411,1.5,1,3,7,2.83,1,Strategic Advisory,2022-02-21
CO0088,India,Chennai,CleanEnergy,Seed,Sole Proprietorship,2005,22,2377000,0.145,1.57,430,34.5,7,6,4,5.29,1,Strategic Advisory,2024-11-08
CO0089,Bahrain,Manama,AgriTech,Seed,Sole Proprietorship,2007,59,2184000,-0.228,3.0,487,117.6,10,1,2,5.75,1,Investor Matching,2024-07-22
CO0090,India,Bangalore,Real Estate,Series A,Free Zone Entity,2010,77,271000,-0.112,0.5,774,71.9,2,10,6,6.04,1,Strategic Advisory,2022-06-25
CO0091,UAE,Abu Dhabi,EdTech,Seed,Sole Proprietorship,2009,29,6431000,-0.099,3.09,663,44.1,4,5,9,5.58,0,M&A Advisory,
CO0092,India,Mumbai,Logistics,Growth,Partnership,2009,1108,678000,-0.138,0.95,503,11.7,9,8,9,7.18,1,Fundraising,2023-11-02
CO0093,India,Bangalore,Fintech,Series A,Private Limited,2005,26,3224000,0.035,2.71,511,118.2,6,5,8,7.05,1,M&A Advisory,2023-09-28
CO0094,India,Mumbai,Fintech,Series A,LLC,2021,34,4185000,0.048,2.26,575,96.7,8,9,3,7.33,0,Strategic Advisory,
CO0095,India,Hyderabad,HealthTech,Pre-IPO,Free Zone Entity,2018,543,15354000,-0.068,3.72,372,26.6,2,6,3,3.38,1,Fundraising,2022-05-30
CO0096,India,Delhi,Retail,Series B,Private Limited,2016,1635,624000,-0.07,1.55,542,-0.9,7,8,2,4.6,1,M&A Advisory,2021-04-15
CO0097,India,Hyderabad,NBFC,Growth,LLC,2014,1542,100000,0.239,0.26,401,-2.6,6,10,5,5.55,0,Investor Matching,
CO0098,India,Chennai,EdTech,Series A,LLC,2022,50,3741000,0.213,0.08,470,5.6,9,8,4,5.81,0,M&A Advisory,
CO0099,UAE,Abu Dhabi,NBFC,Series A,LLC,2015,25,26029000,-0.1,3.31,487,65.5,7,3,7,5.91,0,Strategic Advisory,
CO0100,UAE,Dubai,Logistics,Seed,Private Limited,2006,36,13268000,0.294,2.1,740,110.7,1,7,4,5.05,0,Fundraising,
CO0101,UAE,Abu Dhabi,AgriTech,Series A,Free Zone Entity,2022,43,3858000,0.319,3.1,385,54.6,8,7,9,7.49,1,Investor Matching,2021-07-09
CO0102,India,Delhi,Fintech,Series A,Free Zone Entity,2011,16,1663000,-0.088,0.94,775,99.6,10,10,2,7.99,0,Fundraising,
CO0103,UAE,Dubai,Logistics,Series A,LLC,2019,51,7902000,-0.07,1.38,351,48.0,3,6,6,4.86,1,Investor Matching,2024-07-23
CO0104,India,Chennai,AgriTech,Seed,Private Limited,2015,22,933000,0.029,0.12,410,82.1,2,7,7,5.74,1,Fundraising,2023-05-18
CO0105,Bahrain,Manama,Fintech,Seed,LLC,2022,25,5313000,0.312,3.85,342,85.1,3,2,4,4.1,1,Strategic Advisory,2022-07-21
CO0106,UAE,Abu Dhabi,AgriTech,Series B,Sole Proprietorship,2016,1274,5502000,0.27,2.67,510,12.6,6,9,6,5.8,1,Investor Matching,2021-04-01
CO0107,India,Chennai,Retail,Series A,Free Zone Entity,2010,25,10707000,-0.233,3.73,499,37.0,3,10,7,5.89,1,Due Diligence,2021-01-08
CO0108,India,Chennai,EdTech,Series A,Partnership,2017,12,82286000,-0.045,1.06,325,72.8,10,10,4,7.96,0,Fundraising,
CO0109,UAE,Sharjah,ECommerce,Series B,LLC,2020,1397,4804000,0.06,2.45,598,-0.8,5,1,8,3.75,1,Fundraising,2022-11-15
CO0110,UAE,Dubai,SaaS,Growth,Sole Proprietorship,2022,1108,1629000,0.027,2.71,376,37.0,6,1,9,5.04,1,M&A Advisory,2021-09-25
CO0111,UAE,Sharjah,CleanEnergy,Seed,Free Zone Entity,2014,27,2909000,-0.174,1.27,436,59.5,8,3,1,4.59,1,Investor Matching,2024-07-28
CO0112,UAE,Sharjah,Logistics,Growth,Private Limited,2012,531,359000,0.258,3.39,319,119.5,7,3,7,6.6,1,Due Diligence,2022-06-21
CO0113,Egypt,Cairo,Logistics,Growth,Free Zone Entity,2022,777,1303000,0.14,3.79,739,51.7,8,1,9,5.93,0,Strategic Advisory,
CO0114,Saudi Arabia,Riyadh,SaaS,Seed,Private Limited,2005,26,1836000,0.245,3.54,510,96.1,3,7,10,7.07,1,M&A Advisory,2021-11-27
CO0115,India,Bangalore,ECommerce,Pre-IPO,Private Limited,2012,1138,1600000,0.258,2.96,734,46.2,4,4,5,4.37,1,Due Diligence,2023-06-24
CO0116,Bahrain,Manama,Manufacturing,Profitable SME,LLC,2010,1081,3602000,0.186,1.11,506,93.5,6,10,2,6.67,1,Investor Matching,2024-02-04
CO0117,Saudi Arabia,Riyadh,Real Estate,Seed,LLC,2009,6,1118000,-0.015,1.13,738,67.4,7,2,10,6.45,0,Due Diligence,
CO0118,UAE,Sharjah,Retail,Series A,Free Zone Entity,2019,33,11517000,0.097,3.85,341,105.3,9,10,6,8.7,1,Fundraising,2024-12-16
CO0119,Bahrain,Manama,Retail,Pre-IPO,Sole Proprietorship,2019,1504,3001000,-0.196,0.04,710,43.4,1,5,7,4.17,1,Fundraising,2023-05-26
CO0120,India,Chennai,SaaS,Growth,Free Zone Entity,2006,1497,2967000,0.138,2.86,822,68.6,8,6,2,5.77,1,M&A Advisory,2024-02-23
CO0121,Saudi Arabia,Riyadh,NBFC,Series A,Partnership,2005,54,2024000,-0.183,2.82,726,71.9,8,9,2,6.59,1,Investor Matching,2021-01-20
CO0122,Bahrain,Manama,AgriTech,Series A,Private Limited,2015,27,3614000,0.151,2.49,574,44.3,6,4,10,6.19,1,Investor Matching,2021-08-18
CO0123,UAE,Dubai,Real Estate,Series A,Private Limited,2014,48,8075000,-0.151,3.96,747,8.8,4,2,10,4.38,0,Due Diligence,
CO0124,UAE,Dubai,EdTech,Series B,LLC,2022,223,1060000,-0.224,1.25,668,2.2,3,5,1,2.44,0,M&A Advisory,
CO0125,UAE,Abu Dhabi,EdTech,Growth,Sole Proprietorship,2022,608,1362000,-0.193,1.36,519,-7.8,3,3,4,2.65,0,Investor Matching,
CO0126,India,Hyderabad,SaaS,Series A,LLC,2021,41,2084000,-0.299,0.32,531,103.6,6,2,7,6.05,1,Fundraising,2021-06-04
CO0127,Saudi Arabia,Riyadh,Retail,Series B,Partnership,2012,1946,597000,0.167,1.77,627,20.7,8,1,9,5.31,1,Due Diligence,2024-11-16
CO0128,Bahrain,Manama,EdTech,Growth,Free Zone Entity,2019,708,1122000,0.176,1.04,742,17.5,7,10,3,5.7,1,Strategic Advisory,2021-11-02
CO0129,UAE,Abu Dhabi,Manufacturing,Seed,Free Zone Entity,2012,7,1694000,0.035,1.37,351,85.7,1,2,7,4.26,0,Fundraising,
CO0130,India,Chennai,Logistics,Series A,Sole Proprietorship,2021,67,8567000,-0.195,3.34,675,31.6,6,6,7,5.68,0,M&A Advisory,
CO0131,India,Chennai,HealthTech,Growth,LLC,2016,654,4111000,-0.246,3.74,562,55.8,7,8,7,6.97,0,Investor Matching,
CO0132,UAE,Sharjah,CleanEnergy,Pre-IPO,LLC,2012,455,3785000,-0.288,0.74,566,11.1,7,3,2,3.57,1,Fundraising,2024-01-23
CO0133,UAE,Dubai,SaaS,Series B,Partnership,2018,281,8329000,-0.192,1.49,658,114.8,9,9,6,8.45,1,Strategic Advisory,2021-03-15
CO0134,UAE,Sharjah,NBFC,Series B,Free Zone Entity,2008,582,2544000,0.279,3.71,616,100.7,10,9,2,7.75,1,Strategic Advisory,2023-01-27
CO0135,Egypt,Cairo,AgriTech,Seed,LLC,2005,43,4793000,-0.143,0.25,623,102.3,5,2,6,5.5,0,M&A Advisory,
CO0136,UAE,Abu Dhabi,CleanEnergy,Series B,Sole Proprietorship,2005,1623,2650000,-0.07,0.37,720,42.9,1,8,10,5.66,0,Fundraising,
CO0137,India,Mumbai,AgriTech,Series B,Free Zone Entity,2020,1861,4125000,-0.232,0.65,345,89.1,2,10,3,5.63,0,Due Diligence,
CO0138,India,Bangalore,Fintech,Series A,Partnership,2018,62,1491000,-0.155,2.38,568,8.7,4,5,2,3.12,1,Fundraising,2024-04-07
CO0139,UAE,Dubai,CleanEnergy,Series A,Sole Proprietorship,2020,20,161000,0.037,0.6,680,-8.9,5,4,6,4.0,1,Strategic Advisory,2024-02-06
CO0140,Singapore,Singapore,HealthTech,Series A,Private Limited,2009,76,2554000,0.095,3.87,417,-7.4,9,10,2,5.7,0,M&A Advisory,
CO0141,Singapore,Singapore,Retail,Seed,Partnership,2013,5,16542000,-0.141,1.79,415,66.3,1,5,5,4.13,0,M&A Advisory,
CO0142,UAE,Abu Dhabi,Manufacturing,Series A,Sole Proprietorship,2006,9,9116000,-0.262,2.01,559,49.2,3,4,2,3.38,1,Due Diligence,2021-10-31
CO0143,India,Hyderabad,Logistics,Series A,LLC,2022,7,9555000,-0.046,0.99,374,57.3,5,8,3,5.4,1,M&A Advisory,2023-05-31
CO0144,UAE,Abu Dhabi,Logistics,Series A,Private Limited,2010,69,13223000,-0.148,1.88,779,-9.0,3,4,3,2.65,1,M&A Advisory,2021-09-19
CO0145,UAE,Dubai,Manufacturing,Seed,Partnership,2013,8,3337000,-0.157,2.65,604,44.9,4,10,6,6.1,1,M&A Advisory,2021-03-27
CO0146,UAE,Dubai,Real Estate,Pre-IPO,LLC,2005,821,3801000,0.324,3.0,306,83.3,3,6,6,5.57,1,M&A Advisory,2022-09-24
CO0147,India,Pune,Fintech,Series B,Private Limited,2013,1479,1430000,0.101,3.02,665,47.6,4,2,10,5.15,0,M&A Advisory,
CO0148,India,Chennai,AgriTech,Growth,Free Zone Entity,2020,125,2053000,0.062,2.31,822,85.2,1,5,3,4.0,1,Strategic Advisory,2023-01-17
CO0149,UAE,Abu Dhabi,HealthTech,Growth,LLC,2017,628,6281000,-0.03,3.62,647,20.3,8,6,3,5.06,1,Fundraising,2021-03-23
CO0150,UAE,Dubai,EdTech,Series B,Sole Proprietorship,2013,903,12721000,-0.021,3.27,737,95.7,4,5,1,4.61,1,Investor Matching,2023-01-03
CO0151,Bahrain,Manama,CleanEnergy,Seed,Partnership,2017,70,2538000,0.052,3.03,514,66.5,7,2,7,5.68,0,M&A Advisory,
CO0152,UAE,Sharjah,Fintech,Series B,Private Limited,2013,243,1748000,0.153,0.22,728,17.4,2,7,8,4.7,0,Investor Matching,
CO0153,UAE,Abu Dhabi,SaaS,Series B,LLC,2015,1235,3002000,0.156,0.03,797,20.8,2,4,2,2.52,1,Investor Matching,2022-03-07
CO0154,India,Hyderabad,CleanEnergy,Growth,Free Zone Entity,2008,396,6172000,-0.188,0.85,839,71.6,6,8,4,6.23,0,Strategic Advisory,
CO0155,Singapore,Singapore,HealthTech,Series B,Partnership,2006,1000,530000,0.025,2.65,666,97.9,2,7,10,6.81,0,M&A Advisory,
CO0156,UAE,Sharjah,NBFC,Seed,Partnership,2010,62,191000,-0.032,1.64,612,44.0,6,7,7,6.18,1,Investor Matching,2024-10-28
CO0157,India,Hyderabad,NBFC,Series A,LLC,2018,58,1550000,0.266,1.61,837,23.6,2,9,8,5.32,1,M&A Advisory,2022-05-27
CO0158,India,Bangalore,Fintech,Series A,Free Zone Entity,2008,16,693000,0.11,3.54,353,102.7,4,1,1,3.7,0,Due Diligence,
CO0159,UAE,Abu Dhabi,Retail,Growth,Private Limited,2010,1160,1630000,0.046,3.58,840,77.0,7,10,4,7.14,0,Due Diligence,
CO0160,India,Bangalore,HealthTech,Series B,LLC,2010,1335,2512000,-0.225,3.64,766,48.3,8,6,6,6.37,0,Due Diligence,
CO0161,UAE,Dubai,HealthTech,Series A,Private Limited,2006,57,1741000,0.094,1.26,463,53.4,3,6,3,4.22,0,Investor Matching,
CO0162,India,Chennai,Manufacturing,Profitable SME,Partnership,2022,1738,17143000,-0.224,2.76,633,16.6,9,6,5,5.78,0,Due Diligence,
CO0163,India,Pune,Retail,Growth,Private Limited,2017,1795,4440000,-0.081,1.09,846,71.5,2,6,10,6.03,1,Strategic Advisory,2024-09-27
CO0164,India,Pune,AgriTech,Series A,Free Zone Entity,2013,20,4302000,-0.207,0.76,647,36.6,8,10,9,7.88,1,Strategic Advisory,2021-07-30
CO0165,UAE,Abu Dhabi,AgriTech,Seed,Sole Proprietorship,2017,74,6330000,0.15,0.74,572,119.4,8,7,3,6.9,1,Investor Matching,2022-12-26
CO0166,Saudi Arabia,Riyadh,EdTech,Series A,Free Zone Entity,2015,60,765000,-0.166,1.37,713,52.4,4,10,5,6.0,1,M&A Advisory,2024-02-21
CO0167,UAE,Sharjah,Logistics,Series A,Private Limited,2005,62,10439000,-0.045,1.72,799,53.2,1,6,8,4.86,0,Fundraising,
CO0168,UAE,Sharjah,NBFC,Series A,LLC,2011,8,2739000,0.282,3.32,392,63.6,1,1,6,3.32,0,M&A Advisory,
CO0169,UAE,Abu Dhabi,SaaS,Series A,Partnership,2019,8,6707000,-0.167,0.48,378,109.2,2,3,4,4.35,0,M&A Advisory,
CO0170,India,Pune,AgriTech,Series A,Sole Proprietorship,2005,24,829000,0.03,2.94,516,94.1,9,2,8,7.08,1,M&A Advisory,2023-04-13
CO0171,India,Hyderabad,Retail,Series A,LLC,2016,14,465000,-0.027,2.13,657,48.6,2,6,3,3.82,0,M&A Advisory,
CO0172,UAE,Abu Dhabi,HealthTech,Pre-IPO,LLC,2011,1453,8005000,-0.288,1.15,806,83.4,2,8,3,5.02,1,Fundraising,2024-06-25
CO0173,India,Bangalore,SaaS,Seed,Free Zone Entity,2019,30,4713000,0.215,1.97,480,66.2,6,3,4,4.87,1,Due Diligence,2021-11-13
CO0174,UAE,Dubai,ECommerce,Series B,Private Limited,2005,1522,1016000,-0.255,1.2,545,54.0,7,10,9,7.93,0,M&A Advisory,
CO0175,India,Pune,AgriTech,Series B,Free Zone Entity,2021,490,1057000,0.008,2.38,543,15.0,7,8,5,5.65,0,Strategic Advisory,
CO0176,UAE,Abu Dhabi,HealthTech,Profitable SME,Private Limited,2021,142,11578000,0.064,1.74,805,50.3,9,8,8,7.71,0,Investor Matching,
CO0177,India,Mumbai,AgriTech,Seed,Free Zone Entity,2007,78,720000,0.108,0.66,721,22.0,6,5,6,4.99,1,Investor Matching,2022-04-30
CO0178,UAE,Dubai,NBFC,Series A,LLC,2016,42,21538000,0.148,0.47,619,108.9,8,8,3,7.15,1,Strategic Advisory,2021-11-29
CO0179,Egypt,Cairo,ECommerce,Profitable SME,Partnership,2010,916,1018000,-0.135,2.19,386,33.6,6,6,8,5.97,1,M&A Advisory,2021-12-29
CO0180,UAE,Dubai,CleanEnergy,Pre-IPO,Private Limited,2015,1497,6454000,-0.294,3.61,516,113.8,2,5,9,6.1,1,Fundraising,2023-04-25
CO0181,UAE,Dubai,AgriTech,Pre-IPO,Sole Proprietorship,2007,191,2022000,0.17,1.38,789,59.3,1,9,8,5.74,0,Due Diligence,
CO0182,UAE,Sharjah,Retail,Series A,Sole Proprietorship,2012,61,6187000,0.048,2.93,818,72.1,5,7,4,5.69,0,Investor Matching,
CO0183,Egypt,Cairo,AgriTech,Series A,LLC,2018,49,1562000,0.243,2.63,577,60.6,9,8,6,7.41,0,Due Diligence,
CO0184,Bahrain,Manama,Logistics,Growth,Free Zone Entity,2018,798,2468000,0.234,3.73,468,6.8,8,1,1,3.04,1,Fundraising,2021-02-20
CO0185,UAE,Dubai,SaaS,Profitable SME,Free Zone Entity,2014,1925,3151000,0.248,3.28,629,38.9,4,2,4,3.48,0,Investor Matching,
CO0186,India,Chennai,SaaS,Series B,LLC,2006,1897,901000,0.015,2.27,740,2.9,5,8,8,5.56,1,Due Diligence,2022-01-03
CO0187,Saudi Arabia,Riyadh,NBFC,Series B,Sole Proprietorship,2018,1762,7298000,-0.083,2.63,690,71.0,5,9,1,5.42,0,Fundraising,
CO0188,India,Hyderabad,Retail,Series A,Sole Proprietorship,2013,18,1621000,0.215,3.59,795,48.1,6,4,3,4.51,1,Due Diligence,2022-11-12
CO0189,India,Pune,ECommerce,Growth,Free Zone Entity,2007,750,2280000,-0.007,1.6,680,91.1,3,10,1,5.47,1,M&A Advisory,2023-04-24
CO0190,UAE,Dubai,Manufacturing,Series A,Private Limited,2012,62,910000,-0.181,1.31,605,18.7,5,10,9,6.62,1,Fundraising,2024-10-03
CO0191,UAE,Abu Dhabi,Retail,Series A,Partnership,2020,59,139000,0.256,0.04,812,11.4,2,9,2,3.58,0,Due Diligence,
CO0192,Bahrain,Manama,SaaS,Series B,Private Limited,2006,1375,2385000,0.274,3.31,487,42.8,10,4,9,7.11,1,M&A Advisory,2022-05-24
CO0193,Bahrain,Manama,Logistics,Series B,Sole Proprietorship,2010,930,54258000,0.003,3.2,815,110.5,1,10,4,5.8,1,M&A Advisory,2022-07-01
CO0194,India,Hyderabad,CleanEnergy,Series A,Private Limited,2016,38,7692000,-0.251,0.42,726,82.4,1,10,2,4.95,0,Fundraising,
CO0195,UAE,Sharjah,NBFC,Seed,Partnership,2009,34,2931000,-0.048,2.31,801,44.5,10,10,4,7.39,1,Strategic Advisory,2021-11-23
CO0196,UAE,Abu Dhabi,Manufacturing,Growth,Private Limited,2006,604,2188000,0.222,1.86,559,57.2,7,9,10,7.99,1,Investor Matching,2024-12-07
CO0197,India,Pune,Logistics,Series A,Private Limited,2020,35,3082000,0.286,0.47,812,0.9,2,7,6,3.87,1,Fundraising,2021-08-10
CO0198,Bahrain,Manama,ECommerce,Series B,Private Limited,2009,941,5784000,-0.168,3.92,370,118.0,4,2,7,5.45,1,M&A Advisory,2023-02-23
CO0199,Bahrain,Manama,ECommerce,Series A,Private Limited,2019,64,727000,-0.256,0.86,777,76.6,5,9,3,6.03,0,M&A Advisory,
CO0200,India,Delhi,Logistics,Series B,LLC,2016,651,11425000,0.27,0.27,477,27.1,7,4,3,4.39,0,Fundraising,
CO0201,India,Pune,Fintech,Series B,Sole Proprietorship,2008,1880,7079000,-0.047,2.38,756,66.2,2,8,10,6.42,1,Strategic Advisory,2021-03-21
CO0202,UAE,Dubai,NBFC,Seed,Partnership,2019,67,7102000,0.052,2.96,488,4.2,6,7,8,5.63,0,Investor Matching,
CO0203,UAE,Sharjah,Retail,Series A,Sole Proprietorship,2015,26,5077000,0.329,0.13,590,115.6,1,7,5,5.3,1,Due Diligence,2023-08-22
CO0204,Bahrain,Manama,HealthTech,Seed,LLC,2020,28,3071000,-0.257,2.63,819,12.7,7,8,4,5.35,1,Fundraising,2022-04-01
CO0205,India,Chennai,CleanEnergy,Seed,LLC,2010,34,6726000,0.121,2.13,591,74.2,9,1,7,6.18,1,Investor Matching,2022-02-13
CO0206,UAE,Dubai,HealthTech,Profitable SME,LLC,2018,667,6103000,-0.252,0.41,582,21.9,5,5,7,4.94,1,Investor Matching,2023-08-01
CO0207,UAE,Sharjah,Retail,Series A,LLC,2022,35,1962000,-0.056,0.69,843,83.3,5,2,9,5.92,1,M&A Advisory,2022-12-18
CO0208,India,Pune,Retail,Pre-IPO,Private Limited,2016,1895,1507000,0.222,2.27,676,91.0,4,2,9,5.77,0,Due Diligence,
CO0209,UAE,Abu Dhabi,NBFC,Series A,Sole Proprietorship,2015,23,3390000,-0.018,1.19,455,77.5,3,1,5,3.95,0,Fundraising,
CO0210,UAE,Sharjah,Retail,Growth,Free Zone Entity,2017,282,19249000,0.348,3.75,807,69.9,9,5,8,7.35,1,M&A Advisory,2022-09-18
CO0211,India,Delhi,SaaS,Growth,Partnership,2015,1850,678000,0.063,3.27,712,106.0,5,2,10,6.5,0,M&A Advisory,
CO0212,India,Mumbai,Fintech,Series B,LLC,2020,1417,516000,-0.091,3.93,827,0.2,8,4,1,3.65,0,Strategic Advisory,
CO0213,India,Delhi,Manufacturing,Series B,Sole Proprietorship,2019,1622,3656000,-0.157,1.04,654,33.0,9,3,9,6.36,0,Investor Matching,
CO0214,UAE,Abu Dhabi,Retail,Series B,LLC,2019,866,3189000,-0.072,3.88,486,22.3,5,3,8,4.7,0,Fundraising,
CO0215,India,Bangalore,HealthTech,Series A,LLC,2008,67,3694000,-0.058,1.72,330,118.4,10,2,6,7.0,1,Fundraising,2022-04-12
CO0216,UAE,Abu Dhabi,Retail,Profitable SME,LLC,2015,1602,4020000,-0.255,1.39,559,40.6,9,6,3,5.76,0,Fundraising,
CO0217,UAE,Dubai,ECommerce,Pre-IPO,LLC,2019,905,2295000,-0.06,0.2,720,85.2,2,2,3,3.55,0,M&A Advisory,
CO0218,India,Chennai,Fintech,Profitable SME,LLC,2008,1862,17930000,0.002,0.21,828,79.0,9,8,8,8.28,0,Strategic Advisory,
CO0219,India,Chennai,SaaS,Seed,Partnership,2017,49,439000,0.17,2.77,603,17.6,4,8,5,4.8,1,Due Diligence,2022-04-02
CO0220,Saudi Arabia,Riyadh,SaaS,Growth,Sole Proprietorship,2006,1644,1110000,0.127,1.83,338,21.1,6,5,10,5.97,1,M&A Advisory,2021-02-18
CO0221,India,Delhi,AgriTech,Profitable SME,LLC,2018,232,2650000,0.161,0.91,788,26.6,6,10,7,6.58,1,Due Diligence,2024-09-13
CO0222,India,Pune,SaaS,Series A,LLC,2008,74,418000,-0.295,2.46,841,43.4,6,7,5,5.67,1,Strategic Advisory,2022-01-31
CO0223,UAE,Dubai,AgriTech,Seed,LLC,2020,8,2429000,-0.159,1.01,577,20.5,2,4,8,4.01,1,Investor Matching,2023-03-28
CO0224,UAE,Sharjah,Logistics,Growth,LLC,2018,446,22029000,0.13,2.31,502,-7.4,7,1,10,4.85,0,Fundraising,
CO0225,UAE,Dubai,CleanEnergy,Series B,Private Limited,2019,1777,3076000,0.015,1.44,365,104.3,6,2,10,6.8,1,Due Diligence,2022-11-04
CO0226,UAE,Sharjah,EdTech,Pre-IPO,Private Limited,2007,828,3957000,-0.297,3.29,407,115.5,1,10,4,5.8,0,M&A Advisory,
CO0227,Singapore,Singapore,SaaS,Seed,Free Zone Entity,2012,74,661000,0.223,3.28,567,34.4,2,10,2,4.29,1,Due Diligence,2022-07-25
CO0228,UAE,Abu Dhabi,Manufacturing,Growth,LLC,2020,1732,1432000,0.202,1.91,521,34.0,7,4,3,4.53,0,Investor Matching,
CO0229,Bahrain,Manama,ECommerce,Series A,Free Zone Entity,2014,79,1912000,0.056,1.4,829,-9.1,1,1,8,2.55,1,Fundraising,2021-05-23
CO0230,India,Chennai,Real Estate,Series A,Partnership,2008,13,2049000,-0.257,1.45,389,78.4,1,8,7,5.62,1,Due Diligence,2022-07-26
CO0231,Saudi Arabia,Riyadh,Logistics,Series A,Free Zone Entity,2022,20,13965000,0.198,3.22,554,97.3,1,9,2,5.0,0,Investor Matching,
CO0232,India,Pune,SaaS,Pre-IPO,Sole Proprietorship,2006,1631,5858000,0.079,1.31,754,9.1,8,4,6,5.08,0,M&A Advisory,
CO0233,India,Pune,CleanEnergy,Growth,Private Limited,2021,1630,790000,0.208,0.84,552,10.8,4,10,9,6.17,0,Strategic Advisory,
CO0234,India,Bangalore,AgriTech,Series B,Private Limited,2017,50,4033000,0.189,0.34,556,92.7,4,3,4,4.8,1,M&A Advisory,2022-12-21
CO0235,UAE,Dubai,HealthTech,Series A,LLC,2008,54,5455000,0.222,1.87,682,70.1,2,2,9,4.75,1,Fundraising,2024-08-06
CO0236,India,Delhi,Real Estate,Pre-IPO,LLC,2015,1693,11785000,0.037,1.93,741,-4.2,1,5,2,2.05,0,M&A Advisory,
CO0237,UAE,Dubai,CleanEnergy,Series A,Partnership,2011,74,19991000,-0.209,3.36,389,70.9,10,3,2,5.67,1,M&A Advisory,2023-11-10
CO0238,UAE,Sharjah,CleanEnergy,Pre-IPO,Partnership,2016,1405,887000,0.136,0.88,689,30.2,9,10,9,8.05,0,M&A Advisory,
CO0239,India,Pune,SaaS,Series B,Sole Proprietorship,2014,633,1134000,0.103,1.52,343,37.9,7,7,7,6.36,1,M&A Advisory,2023-03-30
CO0240,UAE,Dubai,Logistics,Series A,LLC,2011,46,663000,0.182,3.23,318,90.1,4,6,7,6.25,1,Fundraising,2024-10-23
CO0241,Egypt,Cairo,Real Estate,Series B,LLC,2017,1006,2265000,-0.19,3.29,400,95.4,6,1,1,4.21,1,Investor Matching,2024-01-04
CO0242,Egypt,Cairo,NBFC,Series A,Partnership,2011,50,5250000,-0.173,1.54,656,42.0,2,8,6,4.94,1,Due Diligence,2022-11-10
CO0243,Egypt,Cairo,EdTech,Growth,Partnership,2021,1341,9810000,0.279,1.84,841,113.1,7,2,7,6.35,0,Strategic Advisory,
CO0244,UAE,Sharjah,NBFC,Series B,Partnership,2014,494,2739000,0.187,1.21,332,42.8,2,5,6,4.21,0,Due Diligence,
CO0245,UAE,Abu Dhabi,ECommerce,Series A,Private Limited,2014,68,2044000,0.29,3.73,528,90.3,10,9,6,8.56,1,Due Diligence,2021-02-26
CO0246,Egypt,Cairo,Real Estate,Pre-IPO,Free Zone Entity,2008,1374,3599000,0.193,0.47,823,52.9,8,8,2,5.96,0,Strategic Advisory,
CO0247,India,Hyderabad,NBFC,Series A,Free Zone Entity,2008,53,1101000,0.088,3.73,454,106.7,8,2,6,6.4,1,Fundraising,2021-08-25
CO0248,Singapore,Singapore,SaaS,Series B,LLC,2011,152,36821000,0.125,2.74,722,108.0,1,9,4,5.55,1,Strategic Advisory,2022-06-19
CO0249,Singapore,Singapore,Fintech,Profitable SME,Private Limited,2005,1037,436000,0.278,2.13,545,1.4,8,5,9,5.93,1,Fundraising,2022-01-01
CO0250,Saudi Arabia,Riyadh,AgriTech,Growth,Partnership,2016,1323,3745000,0.076,0.13,704,111.7,2,10,1,5.35,0,Due Diligence,
CO0251,UAE,Dubai,Fintech,Seed,LLC,2017,9,34020000,0.111,1.9,840,97.3,6,6,8,7.25,0,Fundraising,
CO0252,UAE,Dubai,Retail,Profitable SME,Private Limited,2014,569,3025000,-0.198,1.63,460,92.9,1,3,5,4.16,0,Investor Matching,
CO0253,Saudi Arabia,Riyadh,NBFC,Growth,Sole Proprietorship,2019,1226,2388000,0.008,0.64,416,16.1,5,3,1,2.82,0,Strategic Advisory,
CO0254,UAE,Abu Dhabi,ECommerce,Series A,Private Limited,2017,43,1954000,0.166,2.63,570,94.7,7,10,4,7.49,0,Investor Matching,
CO0255,UAE,Abu Dhabi,Retail,Seed,LLC,2013,39,2416000,-0.124,3.88,786,100.5,10,8,1,7.25,0,Due Diligence,
CO0256,India,Bangalore,HealthTech,Growth,Free Zone Entity,2013,1416,15581000,-0.169,2.25,471,27.6,1,10,6,4.85,0,Strategic Advisory,
CO0257,Egypt,Cairo,Manufacturing,Growth,Partnership,2019,1743,211000,-0.096,2.86,573,113.8,2,10,2,5.6,0,Due Diligence,
CO0258,India,Mumbai,HealthTech,Series B,Sole Proprietorship,2014,1054,18892000,-0.143,0.27,558,-3.5,7,2,5,3.85,1,Investor Matching,2024-04-04
CO0259,India,Bangalore,Real Estate,Pre-IPO,Private Limited,2014,480,543000,-0.16,1.67,434,9.5,6,2,7,4.24,1,Due Diligence,2022-06-28
CO0260,UAE,Sharjah,CleanEnergy,Growth,LLC,2012,776,2178000,-0.024,0.47,721,59.9,3,5,2,3.85,1,Strategic Advisory,2021-03-20
CO0261,India,Mumbai,AgriTech,Series A,LLC,2020,58,1792000,0.29,2.45,720,64.9,10,6,6,7.3,1,Strategic Advisory,2021-08-11
CO0262,Singapore,Singapore,NBFC,Series A,Partnership,2021,50,6079000,0.03,3.75,485,73.9,2,2,6,4.08,0,Due Diligence,
CO0263,UAE,Dubai,ECommerce,Series A,LLC,2009,64,441000,-0.178,2.65,663,-7.8,10,5,5,5.5,1,Strategic Advisory,2024-05-06
CO0264,India,Chennai,ECommerce,Growth,LLC,2008,899,5224000,-0.25,0.31,677,114.8,4,7,5,6.2,0,Strategic Advisory,
CO0265,Bahrain,Manama,Logistics,Seed,Partnership,2022,61,34048000,0.153,1.42,822,-4.2,3,10,3,4.15,1,Due Diligence,2023-06-09
CO0266,India,Hyderabad,Manufacturing,Series B,Sole Proprietorship,2008,1397,584000,-0.051,2.2,495,8.6,7,10,10,7.27,1,Investor Matching,2022-12-09
CO0267,India,Mumbai,EdTech,Growth,Free Zone Entity,2011,1039,3767000,0.234,1.61,397,-8.2,8,8,10,6.9,1,Strategic Advisory,2022-10-05
CO0268,India,Pune,EdTech,Pre-IPO,Free Zone Entity,2014,1746,1356000,0.129,3.33,321,63.7,2,7,2,4.12,0,Strategic Advisory,
CO0269,UAE,Dubai,EdTech,Series A,Private Limited,2022,34,5001000,0.218,3.26,749,111.2,10,8,7,8.75,1,Strategic Advisory,2023-06-13
CO0270,UAE,Dubai,NBFC,Pre-IPO,Sole Proprietorship,2008,469,3070000,-0.123,2.45,471,76.6,7,9,1,6.13,1,Strategic Advisory,2024-05-26
CO0271,Saudi Arabia,Riyadh,EdTech,Seed,Private Limited,2014,34,1389000,0.15,1.49,682,96.9,8,5,6,7.09,0,Due Diligence,
CO0272,Saudi Arabia,Riyadh,SaaS,Pre-IPO,Free Zone Entity,2005,534,5387000,-0.128,1.02,433,-8.3,6,5,6,4.55,0,Investor Matching,
CO0273,Bahrain,Manama,Fintech,Seed,Partnership,2022,39,26149000,0.31,0.42,725,60.5,6,10,3,6.26,1,Investor Matching,2023-11-14
CO0274,Egypt,Cairo,ECommerce,Series A,LLC,2009,59,2386000,0.114,1.42,324,49.7,10,4,2,5.49,1,Fundraising,2021-08-25
CO0275,India,Chennai,Manufacturing,Growth,Free Zone Entity,2019,461,7116000,-0.089,1.65,802,54.9,1,9,2,4.15,1,Strategic Advisory,2023-02-28
CO0276,India,Hyderabad,Fintech,Seed,Sole Proprietorship,2021,14,636000,-0.125,2.7,484,-0.6,4,5,9,4.7,0,Strategic Advisory,
CO0277,Saudi Arabia,Riyadh,CleanEnergy,Series A,Free Zone Entity,2007,20,952000,-0.176,2.63,384,79.0,1,2,5,3.63,1,Fundraising,2024-03-26
CO0278,India,Pune,Manufacturing,Growth,Sole Proprietorship,2016,1186,5288000,0.152,0.28,443,55.4,4,10,7,6.56,1,Investor Matching,2022-01-25
CO0279,India,Bangalore,Fintech,Growth,Sole Proprietorship,2006,1810,17806000,-0.158,1.58,711,89.5,2,8,5,5.64,1,M&A Advisory,2022-06-06
CO0280,Saudi Arabia,Riyadh,Manufacturing,Growth,Sole Proprietorship,2005,381,4597000,0.087,0.73,523,53.1,5,7,7,6.06,1,M&A Advisory,2021-04-01
CO0281,Bahrain,Manama,CleanEnergy,Growth,Private Limited,2021,1451,2060000,-0.128,0.63,519,9.4,10,8,4,6.19,0,Investor Matching,
CO0282,UAE,Abu Dhabi,Retail,Series B,Partnership,2020,1828,2997000,0.13,3.31,478,74.3,9,3,8,6.94,1,Strategic Advisory,2024-12-22
CO0283,UAE,Sharjah,SaaS,Series A,Free Zone Entity,2009,60,669000,0.23,0.17,732,12.4,10,4,10,6.75,1,M&A Advisory,2023-06-13
CO0284,UAE,Sharjah,NBFC,Series A,Partnership,2019,61,6197000,0.206,1.68,564,103.4,3,5,10,6.65,1,Due Diligence,2021-01-04
CO0285,India,Hyderabad,NBFC,Series A,LLC,2007,25,8649000,0.195,0.67,728,69.7,8,6,7,7.04,1,Due Diligence,2023-12-01
CO0286,UAE,Dubai,ECommerce,Profitable SME,Free Zone Entity,2011,1008,1744000,-0.178,3.52,715,10.4,3,1,10,3.86,1,Fundraising,2024-01-08
CO0287,India,Pune,EdTech,Series B,Partnership,2015,1870,1707000,-0.243,2.23,752,115.1,6,4,5,6.05,0,Investor Matching,
CO0288,India,Chennai,SaaS,Series B,Partnership,2014,154,4127000,0.154,0.93,496,57.4,4,10,6,6.35,0,Investor Matching,
CO0289,UAE,Sharjah,HealthTech,Series B,LLC,2013,251,1776000,-0.061,2.01,352,-0.5,8,5,5,4.9,0,M&A Advisory,
CO0290,India,Bangalore,EdTech,Profitable SME,Sole Proprietorship,2018,499,2771000,-0.019,2.93,779,71.5,6,7,7,6.73,0,Strategic Advisory,
CO0291,UAE,Sharjah,ECommerce,Series A,Free Zone Entity,2017,19,37273000,-0.28,3.83,742,22.9,8,5,2,4.61,0,Investor Matching,
CO0292,UAE,Abu Dhabi,Real Estate,Series B,Free Zone Entity,2006,1916,2230000,-0.131,0.88,629,94.5,1,1,5,3.69,1,M&A Advisory,2024-11-07
CO0293,Saudi Arabia,Riyadh,SaaS,Series B,LLC,2007,1339,1952000,-0.278,3.54,550,96.3,6,7,10,7.98,0,M&A Advisory,
CO0294,UAE,Abu Dhabi,Fintech,Growth,Sole Proprietorship,2011,959,1379000,0.271,3.74,422,117.3,1,8,3,5.05,0,Investor Matching,
CO0295,UAE,Sharjah,Manufacturing,Seed,Free Zone Entity,2022,19,7328000,-0.142,3.67,686,55.2,1,7,9,5.4,0,M&A Advisory,
CO0296,India,Chennai,HealthTech,Pre-IPO,Free Zone Entity,2007,612,2414000,0.062,2.54,638,49.1,8,4,6,5.88,1,Fundraising,2024-10-05
CO0297,India,Delhi,SaaS,Profitable SME,Free Zone Entity,2014,1191,1376000,-0.275,2.52,647,88.0,7,8,10,8.36,1,Fundraising,2022-02-08
CO0298,UAE,Abu Dhabi,CleanEnergy,Series B,Sole Proprietorship,2011,762,14646000,0.133,1.61,328,7.2,3,5,3,3.04,0,Investor Matching,
CO0299,India,Pune,Real Estate,Growth,LLC,2013,1450,16480000,-0.09,3.01,334,61.1,6,10,7,7.27,0,Strategic Advisory,
CO0300,UAE,Abu Dhabi,CleanEnergy,Profitable SME,Free Zone Entity,2021,1624,1460000,0.284,2.13,817,61.0,9,9,4,7.17,0,Fundraising,
CO0301,UAE,Dubai,NBFC,Growth,Partnership,2015,1613,319000,0.277,2.71,695,1.6,7,10,3,5.38,1,Fundraising,2023-01-16
CO0302,India,Bangalore,NBFC,Series A,Sole Proprietorship,2011,61,10051000,-0.089,1.71,593,44.3,3,5,8,5.04,1,Investor Matching,2023-06-03
CO0303,India,Bangalore,EdTech,Series B,Private Limited,2018,1157,1319000,0.286,2.93,648,100.9,6,1,4,5.05,1,Due Diligence,2021-05-24
CO0304,India,Mumbai,Fintech,Growth,LLC,2008,503,7747000,0.348,3.3,446,101.3,4,9,1,5.7,0,M&A Advisory,
CO0305,India,Delhi,HealthTech,Series B,Partnership,2010,716,282000,0.237,0.59,366,2.9,3,5,6,3.71,1,Fundraising,2024-09-22
CO0306,Singapore,Singapore,AgriTech,Growth,Free Zone Entity,2014,678,8756000,0.249,3.33,819,1.8,9,6,10,6.74,1,Due Diligence,2022-11-08
CO0307,India,Mumbai,Real Estate,Profitable SME,Private Limited,2011,1587,701000,-0.138,2.16,421,24.2,10,4,1,4.73,0,Strategic Advisory,
CO0308,UAE,Sharjah,Real Estate,Profitable SME,LLC,2017,1678,7210000,0.075,3.38,639,103.7,2,6,5,5.35,1,Due Diligence,2024-06-30
CO0309,Saudi Arabia,Riyadh,SaaS,Series B,Sole Proprietorship,2018,1751,3052000,-0.256,1.73,474,6.8,1,8,7,4.19,0,Investor Matching,
CO0310,UAE,Sharjah,EdTech,Seed,Private Limited,2008,23,955000,-0.238,1.52,750,83.6,2,3,6,4.52,1,Strategic Advisory,2022-10-05
CO0311,India,Bangalore,NBFC,Profitable SME,Private Limited,2012,1985,1841000,0.349,3.66,435,3.2,7,5,2,3.91,0,Strategic Advisory,
CO0312,UAE,Sharjah,EdTech,Pre-IPO,Partnership,2009,1423,6836000,-0.088,1.0,315,71.0,10,2,4,5.92,0,Due Diligence,
CO0313,UAE,Dubai,Manufacturing,Seed,LLC,2005,45,3407000,0.186,3.38,632,36.3,1,2,2,2.03,0,Investor Matching,
CO0314,Singapore,Singapore,SaaS,Profitable SME,Partnership,2008,307,6049000,0.224,1.94,494,92.6,6,7,1,5.65,0,Fundraising,
CO0315,Saudi Arabia,Riyadh,SaaS,Pre-IPO,Partnership,2007,1154,32148000,0.258,2.06,795,20.4,7,10,3,5.76,1,Due Diligence,2024-09-20
CO0316,India,Mumbai,HealthTech,Series B,Free Zone Entity,2013,317,459000,0.348,1.23,308,73.1,9,10,3,7.41,1,Fundraising,2021-09-13
CO0317,India,Mumbai,Fintech,Series B,Sole Proprietorship,2012,468,20890000,-0.143,2.29,633,20.6,8,10,7,7.06,1,Due Diligence,2022-09-08
CO0318,UAE,Sharjah,ECommerce,Series A,Private Limited,2005,37,3400000,-0.274,1.3,632,82.8,6,6,1,5.21,0,Fundraising,
CO0319,UAE,Sharjah,Retail,Seed,LLC,2010,28,1020000,-0.033,0.16,626,103.6,3,4,9,6.15,0,Due Diligence,
CO0320,UAE,Dubai,ECommerce,Series A,Sole Proprietorship,2013,65,608000,-0.215,1.09,314,6.5,8,5,6,5.28,1,Strategic Advisory,2023-11-05
CO0321,India,Bangalore,Logistics,Pre-IPO,Sole Proprietorship,2011,1886,2391000,-0.285,0.03,525,102.7,7,1,4,5.35,0,M&A Advisory,
CO0322,India,Mumbai,Logistics,Seed,LLC,2008,32,9067000,-0.066,3.91,724,67.2,3,7,3,4.74,1,Strategic Advisory,2022-09-26
CO0323,India,Mumbai,SaaS,Series A,Sole Proprietorship,2017,62,2574000,0.209,3.86,707,6.5,9,8,3,5.58,0,Fundraising,
CO0324,UAE,Abu Dhabi,EdTech,Series A,Free Zone Entity,2021,47,18394000,0.068,1.58,412,45.6,2,9,2,4.26,0,Investor Matching,
CO0325,Egypt,Cairo,Manufacturing,Series B,Sole Proprietorship,2006,623,526000,-0.097,2.91,727,10.9,3,8,2,3.62,1,Strategic Advisory,2024-09-27
CO0326,India,Mumbai,HealthTech,Profitable SME,Free Zone Entity,2009,98,2957000,0.125,1.38,300,81.0,2,5,10,5.97,1,M&A Advisory,2023-04-17
CO0327,India,Pune,AgriTech,Series A,Private Limited,2016,53,667000,-0.149,2.68,565,88.7,1,3,5,4.07,1,Fundraising,2022-10-31
CO0328,India,Bangalore,Logistics,Series A,Private Limited,2012,21,4641000,-0.291,3.22,790,3.8,4,10,9,6.03,0,Strategic Advisory,
CO0329,India,Delhi,HealthTech,Growth,Partnership,2010,970,8696000,0.197,3.79,507,55.8,5,9,2,5.37,1,Due Diligence,2023-04-05
CO0330,UAE,Sharjah,SaaS,Series B,Free Zone Entity,2012,1352,1811000,0.105,1.6,668,95.9,6,6,2,5.72,1,Investor Matching,2024-11-28
CO0331,UAE,Abu Dhabi,Fintech,Series A,Private Limited,2022,69,132000,0.195,3.13,605,111.7,5,5,6,6.25,1,Fundraising,2022-08-29
CO0332,India,Bangalore,CleanEnergy,Series B,Sole Proprietorship,2007,1578,3809000,-0.275,1.06,311,56.8,1,3,10,4.69,1,Strategic Advisory,2024-02-10
CO0333,UAE,Sharjah,ECommerce,Seed,LLC,2016,9,5067000,0.244,3.96,644,113.5,3,6,2,4.9,1,Fundraising,2021-09-18
CO0334,UAE,Dubai,Manufacturing,Series A,LLC,2007,6,4873000,0.103,0.1,764,59.6,1,3,4,3.24,0,Due Diligence,
CO0335,UAE,Sharjah,NBFC,Series B,Free Zone Entity,2010,326,13218000,0.066,2.41,793,41.2,5,10,6,6.32,1,M&A Advisory,2022-01-28
CO0336,UAE,Sharjah,HealthTech,Series B,Partnership,2006,1511,830000,0.106,2.64,667,100.3,5,6,5,6.25,0,Strategic Advisory,
CO0337,Saudi Arabia,Riyadh,Fintech,Profitable SME,Sole Proprietorship,2016,1180,6786000,0.262,2.75,719,54.1,6,4,1,4.13,0,Fundraising,
CO0338,India,Pune,AgriTech,Series A,Free Zone Entity,2006,78,12549000,0.082,0.48,470,51.3,8,2,6,5.43,1,Fundraising,2023-05-12
CO0339,India,Hyderabad,Retail,Series B,LLC,2010,469,355000,0.078,3.75,433,53.7,10,8,1,6.32,1,Fundraising,2024-09-23
CO0340,UAE,Dubai,ECommerce,Growth,Free Zone Entity,2021,660,4403000,0.344,0.72,726,100.1,1,4,3,4.05,0,M&A Advisory,
CO0341,India,Hyderabad,NBFC,Seed,Sole Proprietorship,2007,43,1638000,0.192,2.49,324,98.2,4,9,10,7.91,0,Fundraising,
CO0342,India,Hyderabad,ECommerce,Growth,Private Limited,2006,424,2720000,-0.013,0.89,829,42.5,10,7,5,6.85,1,Investor Matching,2023-02-16
CO0343,UAE,Dubai,SaaS,Series A,Sole Proprietorship,2012,42,4553000,0.16,1.23,489,33.3,1,2,10,3.97,1,Investor Matching,2024-10-19
CO0344,India,Mumbai,Retail,Profitable SME,Private Limited,2016,1707,1672000,-0.047,2.19,440,54.0,9,4,5,6.03,1,Fundraising,2021-12-23
CO0345,UAE,Dubai,ECommerce,Seed,Private Limited,2008,63,1333000,-0.151,1.67,614,64.5,7,5,10,7.14,0,Investor Matching,
CO0346,India,Chennai,AgriTech,Series B,Private Limited,2009,1261,3126000,0.088,0.64,743,21.0,7,3,6,4.77,1,Strategic Advisory,2024-06-14
CO0347,India,Hyderabad,Fintech,Seed,Free Zone Entity,2017,68,814000,0.303,0.68,618,93.2,5,9,10,8.11,1,Investor Matching,2024-03-11
CO0348,UAE,Abu Dhabi,Logistics,Profitable SME,LLC,2019,1939,815000,0.304,1.67,740,53.2,7,5,8,6.41,0,Fundraising,
CO0349,UAE,Abu Dhabi,Retail,Series B,Free Zone Entity,2020,1873,6779000,-0.078,3.03,391,33.4,2,2,5,3.02,0,Due Diligence,
CO0350,India,Hyderabad,SaaS,Series B,LLC,2014,1524,756000,0.043,3.59,478,3.9,4,3,1,2.28,1,Strategic Advisory,2022-09-09
CO0351,India,Hyderabad,NBFC,Seed,Sole Proprietorship,2020,36,6674000,-0.162,0.34,355,21.0,7,9,5,6.02,1,M&A Advisory,2023-04-12
CO0352,Saudi Arabia,Riyadh,EdTech,Growth,Partnership,2016,1229,5226000,0.347,1.57,454,113.4,3,7,3,5.4,0,Fundraising,
CO0353,India,Chennai,Real Estate,Series A,Sole Proprietorship,2021,25,378000,0.338,0.4,410,29.7,2,2,4,2.69,1,M&A Advisory,2024-01-28
CO0354,UAE,Dubai,HealthTech,Pre-IPO,Free Zone Entity,2020,896,1330000,0.122,0.07,436,12.0,10,9,8,7.49,1,Due Diligence,2021-01-01
CO0355,UAE,Sharjah,ECommerce,Series A,Free Zone Entity,2016,30,12573000,0.223,2.65,531,49.9,2,4,7,4.35,0,M&A Advisory,
CO0356,India,Chennai,Logistics,Series A,LLC,2012,72,924000,0.165,2.41,767,29.9,1,9,5,4.4,1,Fundraising,2022-09-15
CO0357,UAE,Sharjah,Retail,Seed,Free Zone Entity,2007,19,1718000,0.086,0.65,780,-5.4,5,2,2,2.5,0,Fundraising,
CO0358,India,Mumbai,ECommerce,Series B,Private Limited,2020,409,5223000,-0.265,0.94,367,32.0,6,10,6,6.44,0,Due Diligence,
CO0359,Egypt,Cairo,CleanEnergy,Series B,Free Zone Entity,2017,1148,7680000,-0.004,0.09,548,60.7,6,4,6,5.51,1,Fundraising,2022-08-11
CO0360,India,Mumbai,HealthTech,Seed,LLC,2012,44,2218000,0.139,3.34,622,61.7,9,5,10,7.68,1,Due Diligence,2022-03-07
CO0361,UAE,Abu Dhabi,EdTech,Growth,LLC,2009,721,1465000,0.14,3.9,817,36.4,4,2,10,4.93,0,Due Diligence,
CO0362,India,Chennai,AgriTech,Series B,Private Limited,2012,1898,16535000,-0.057,0.54,731,48.1,1,10,6,5.26,0,Fundraising,
CO0363,India,Delhi,Real Estate,Series B,LLC,2016,1191,24174000,0.312,0.93,786,115.5,6,1,9,6.3,0,Investor Matching,
CO0364,India,Mumbai,Fintech,Series B,Partnership,2005,1685,9711000,-0.191,3.47,728,39.1,5,7,8,6.03,0,Due Diligence,
CO0365,Egypt,Cairo,ECommerce,Series B,Sole Proprietorship,2010,1453,3323000,0.025,3.71,568,23.6,10,10,8,7.97,1,Fundraising,2023-05-31
CO0366,UAE,Dubai,EdTech,Series B,Free Zone Entity,2022,1993,1137000,0.149,1.68,836,21.7,6,1,1,2.73,0,Investor Matching,
CO0367,Singapore,Singapore,EdTech,Series A,Partnership,2012,7,1107000,0.153,0.2,447,49.5,3,8,5,5.14,1,Due Diligence,2024-04-02
CO0368,Bahrain,Manama,AgriTech,Series A,Free Zone Entity,2011,76,5616000,0.122,0.16,417,88.7,2,3,7,4.87,1,Investor Matching,2024-05-27
CO0369,UAE,Dubai,Manufacturing,Pre-IPO,Partnership,2005,489,4956000,-0.121,2.3,666,16.8,6,10,6,6.14,1,Strategic Advisory,2024-09-02
CO0370,UAE,Dubai,AgriTech,Profitable SME,Free Zone Entity,2020,1741,16128000,-0.198,1.57,365,82.2,1,6,5,4.69,1,Strategic Advisory,2022-10-22
CO0371,UAE,Sharjah,ECommerce,Series A,Private Limited,2016,10,6548000,0.113,0.11,669,-7.3,7,7,8,5.85,0,Investor Matching,
CO0372,UAE,Abu Dhabi,Manufacturing,Series A,LLC,2010,43,494000,0.09,2.33,474,44.5,7,10,3,6.24,1,Due Diligence,2023-08-11
CO0373,UAE,Dubai,Manufacturing,Growth,LLC,2006,1269,10601000,-0.183,0.05,794,90.9,10,1,6,6.57,1,Fundraising,2023-06-24
CO0374,India,Hyderabad,Logistics,Series B,Private Limited,2018,470,906000,0.158,3.15,413,34.0,7,6,5,5.53,1,M&A Advisory,2023-06-25
CO0375,UAE,Dubai,Logistics,Seed,Partnership,2008,54,1892000,-0.004,1.23,410,63.3,10,7,8,8.02,0,Fundraising,
CO0376,UAE,Abu Dhabi,NBFC,Series A,Sole Proprietorship,2005,47,4051000,0.134,0.16,738,16.6,1,6,4,3.13,0,M&A Advisory,
CO0377,Saudi Arabia,Riyadh,Retail,Growth,Partnership,2022,1266,32898000,0.244,2.35,446,86.5,4,4,8,5.93,1,M&A Advisory,2024-10-15
CO0378,UAE,Abu Dhabi,Retail,Growth,LLC,2017,608,125275000,-0.19,1.59,334,-3.2,7,1,10,4.85,1,Due Diligence,2022-03-14
CO0379,Saudi Arabia,Riyadh,SaaS,Seed,Sole Proprietorship,2006,55,6213000,-0.288,3.9,608,100.8,9,9,2,7.45,1,Investor Matching,2023-11-13
CO0380,UAE,Dubai,Fintech,Series A,Free Zone Entity,2013,15,2408000,0.206,2.18,837,15.8,5,4,9,5.07,0,Fundraising,
CO0381,UAE,Dubai,Retail,Series A,Sole Proprietorship,2006,16,5697000,0.096,1.1,313,103.7,2,7,9,6.6,0,Investor Matching,
CO0382,India,Hyderabad,Logistics,Growth,Partnership,2013,1275,8704000,0.155,2.84,673,35.8,7,7,10,7.07,1,Strategic Advisory,2023-08-28
CO0383,India,Pune,NBFC,Seed,Private Limited,2005,12,2042000,0.245,1.09,727,83.9,10,2,10,7.68,0,Due Diligence,
CO0384,Bahrain,Manama,NBFC,Seed,Free Zone Entity,2015,28,25864000,0.222,3.62,532,31.5,1,1,6,2.68,1,Due Diligence,2021-12-14
CO0385,India,Mumbai,Manufacturing,Growth,Partnership,2007,1492,3954000,0.325,1.5,739,107.8,7,8,4,7.1,0,Strategic Advisory,
CO0386,Saudi Arabia,Riyadh,SaaS,Series A,Free Zone Entity,2008,40,5452000,0.048,2.2,801,6.5,6,8,4,4.93,1,Fundraising,2024-09-11
CO0387,UAE,Dubai,AgriTech,Growth,Sole Proprietorship,2022,1056,6671000,0.018,0.2,574,13.2,7,7,6,5.61,1,Strategic Advisory,2021-06-23
CO0388,UAE,Sharjah,Fintech,Series A,LLC,2010,59,4975000,-0.039,1.7,375,54.1,10,8,5,7.33,1,Fundraising,2022-08-05
CO0389,India,Pune,ECommerce,Seed,Partnership,2007,13,8210000,-0.2,3.33,738,0.7,3,3,6,3.16,1,M&A Advisory,2023-11-22
CO0390,Saudi Arabia,Riyadh,Manufacturing,Series A,Private Limited,2015,51,1430000,0.072,3.22,588,15.5,3,2,7,3.46,0,Due Diligence,
CO0391,Singapore,Singapore,AgriTech,Growth,Sole Proprietorship,2019,444,1535000,-0.12,0.9,839,112.7,7,7,7,7.6,1,Fundraising,2024-09-21
CO0392,India,Mumbai,Retail,Pre-IPO,Partnership,2009,866,801000,0.299,0.9,552,116.9,2,8,9,6.85,0,Investor Matching,
CO0393,UAE,Dubai,SaaS,Pre-IPO,Private Limited,2014,930,5084000,0.079,3.27,425,38.9,1,1,8,3.33,0,Investor Matching,
CO0394,India,Bangalore,Manufacturing,Series A,Partnership,2016,64,7640000,0.085,3.72,476,110.0,9,10,6,8.7,1,Due Diligence,2024-07-20
CO0395,UAE,Dubai,HealthTech,Growth,Sole Proprietorship,2019,625,5196000,-0.069,0.38,336,60.8,9,9,6,7.67,1,Strategic Advisory,2024-06-22
CO0396,Egypt,Cairo,Retail,Series A,Partnership,2021,16,22376000,-0.266,1.8,709,25.1,7,4,5,4.85,1,Strategic Advisory,2022-11-18
CO0397,Saudi Arabia,Riyadh,AgriTech,Series A,Free Zone Entity,2014,6,2980000,-0.279,1.35,426,81.3,7,4,1,4.98,0,Fundraising,
CO0398,India,Hyderabad,Fintech,Pre-IPO,Sole Proprietorship,2010,979,6693000,-0.025,3.48,782,75.7,3,3,9,5.41,1,Strategic Advisory,2021-07-11
CO0399,India,Hyderabad,ECommerce,Seed,Partnership,2022,7,809000,-0.245,0.33,467,118.6,10,6,9,8.75,1,Due Diligence,2022-04-27
CO0400,India,Hyderabad,AgriTech,Seed,LLC,2017,7,1885000,0.094,0.84,593,24.5,2,1,9,3.59,1,Fundraising,2024-10-09
CO0401,UAE,Dubai,Manufacturing,Series A,Partnership,2007,31,6912000,0.273,3.01,642,77.4,7,6,8,7.15,0,M&A Advisory,
CO0402,Bahrain,Manama,Manufacturing,Seed,Free Zone Entity,2014,44,8311000,0.274,0.21,609,-3.2,9,2,10,5.7,1,Strategic Advisory,2022-09-28
CO0403,India,Hyderabad,ECommerce,Series A,Private Limited,2018,37,2108000,0.128,1.97,827,4.8,1,9,3,3.4,1,Strategic Advisory,2022-04-06
CO0404,Saudi Arabia,Riyadh,EdTech,Series B,Private Limited,2010,882,2753000,-0.163,1.77,839,-9.5,4,2,1,1.95,1,Fundraising,2022-02-12
CO0405,UAE,Dubai,Fintech,Series B,Private Limited,2007,1104,485000,0.261,1.34,718,119.9,6,7,8,7.55,1,Investor Matching,2021-10-29
CO0406,Bahrain,Manama,CleanEnergy,Pre-IPO,LLC,2020,1461,1955000,0.276,1.58,743,94.3,7,1,7,5.99,0,Strategic Advisory,
CO0407,UAE,Dubai,Retail,Pre-IPO,Free Zone Entity,2011,1698,8733000,-0.172,2.12,535,92.3,10,7,5,7.85,1,Due Diligence,2021-02-20
CO0408,UAE,Abu Dhabi,NBFC,Series A,Sole Proprietorship,2018,8,5983000,0.179,0.65,738,56.3,7,5,10,6.98,0,Strategic Advisory,
CO0409,Bahrain,Manama,ECommerce,Series A,Private Limited,2013,74,5471000,-0.114,2.29,513,29.0,10,8,7,7.33,0,M&A Advisory,
CO0410,UAE,Dubai,Fintech,Series A,Free Zone Entity,2019,23,3185000,0.222,3.22,384,9.7,2,4,10,4.29,0,Strategic Advisory,
CO0411,UAE,Abu Dhabi,NBFC,Series B,Partnership,2007,975,3026000,0.348,3.04,384,27.0,4,10,4,5.24,0,Investor Matching,
CO0412,Egypt,Cairo,Fintech,Series A,LLC,2006,13,1358000,-0.28,0.62,788,38.9,5,7,9,6.28,1,Strategic Advisory,2021-04-05
CO0413,Egypt,Cairo,Fintech,Growth,Free Zone Entity,2006,1417,6939000,0.283,0.6,364,88.3,1,6,10,6.07,1,Fundraising,2022-05-17
CO0414,India,Delhi,AgriTech,Series B,Free Zone Entity,2007,492,4972000,0.105,1.07,363,60.2,1,5,2,3.25,0,Strategic Advisory,
CO0415,India,Hyderabad,Fintech,Series B,Sole Proprietorship,2022,1652,5414000,0.333,1.44,642,0.1,10,4,9,6.25,1,Investor Matching,2023-09-01
CO0416,India,Delhi,EdTech,Series B,Free Zone Entity,2018,124,1596000,0.002,1.63,651,-7.7,3,7,9,4.9,0,Fundraising,
CO0417,UAE,Abu Dhabi,CleanEnergy,Series A,Sole Proprietorship,2022,5,226000,0.251,2.72,457,3.3,10,5,5,5.57,1,Due Diligence,2024-06-05
CO0418,UAE,Sharjah,Manufacturing,Profitable SME,LLC,2014,1845,11192000,-0.259,0.23,790,43.4,3,5,1,3.27,0,Fundraising,
CO0419,India,Chennai,Real Estate,Growth,LLC,2006,1739,1689000,-0.082,0.14,762,111.3,8,1,7,6.4,0,M&A Advisory,
CO0420,India,Pune,NBFC,Seed,Partnership,2005,34,1065000,-0.256,1.57,524,72.9,9,2,10,7.16,1,Fundraising,2021-05-30
CO0421,Saudi Arabia,Riyadh,Manufacturing,Pre-IPO,Sole Proprietorship,2008,1503,6895000,0.334,2.79,612,94.2,1,5,10,5.93,1,Due Diligence,2023-07-22
CO0422,Saudi Arabia,Riyadh,Real Estate,Series B,Sole Proprietorship,2018,412,1874000,0.231,0.77,765,50.6,2,3,4,3.36,0,Strategic Advisory,
CO0423,UAE,Sharjah,CleanEnergy,Pre-IPO,Private Limited,2005,497,10703000,0.254,2.57,387,37.0,10,2,9,6.49,0,Fundraising,
CO0424,India,Chennai,CleanEnergy,Growth,Private Limited,2018,1307,6290000,0.31,1.04,602,4.1,2,4,6,3.18,1,Fundraising,2023-04-29
CO0425,UAE,Abu Dhabi,NBFC,Series B,Partnership,2020,1636,6813000,-0.245,3.54,734,103.9,4,4,3,4.95,0,Fundraising,
CO0426,India,Bangalore,NBFC,Seed,LLC,2018,31,582000,-0.049,3.58,434,91.8,2,4,6,4.94,1,Fundraising,2024-07-13
CO0427,India,Bangalore,CleanEnergy,Series A,Private Limited,2007,73,12845000,-0.254,1.19,349,11.9,7,4,10,5.84,1,Due Diligence,2024-03-24
CO0428,Bahrain,Manama,Real Estate,Series B,Free Zone Entity,2007,1900,4105000,-0.163,0.92,731,56.6,9,3,6,6.08,0,Investor Matching,
CO0429,UAE,Abu Dhabi,ECommerce,Growth,LLC,2013,174,1926000,-0.151,1.65,639,53.4,7,7,5,6.17,0,Investor Matching,
CO0430,UAE,Dubai,Fintech,Series A,Free Zone Entity,2010,72,3563000,0.005,0.96,646,71.3,6,9,2,5.98,0,Fundraising,
CO0431,UAE,Dubai,Retail,Seed,Sole Proprietorship,2017,29,356000,-0.125,2.69,646,113.0,10,5,10,8.75,0,Due Diligence,
CO0432,India,Pune,SaaS,Pre-IPO,LLC,2006,591,4899000,-0.234,3.3,544,65.4,1,4,10,5.11,1,Due Diligence,2022-02-03
CO0433,India,Chennai,HealthTech,Profitable SME,Partnership,2012,534,872000,-0.191,2.69,408,60.2,10,2,2,5.2,0,Fundraising,
CO0434,UAE,Sharjah,SaaS,Series B,Sole Proprietorship,2006,171,592000,-0.204,3.3,832,-3.5,9,2,7,4.95,1,M&A Advisory,2024-11-27
CO0435,UAE,Dubai,Manufacturing,Series A,Sole Proprietorship,2008,9,483000,0.332,1.59,389,-1.8,5,5,2,3.25,1,Fundraising,2023-02-26
CO0436,India,Chennai,AgriTech,Series A,Free Zone Entity,2019,65,11403000,0.194,0.63,595,14.4,5,7,6,5.04,1,M&A Advisory,2023-10-10
CO0437,UAE,Abu Dhabi,Manufacturing,Seed,Sole Proprietorship,2008,13,1410000,0.329,2.95,411,-5.8,6,10,5,5.55,1,Fundraising,2023-03-30
CO0438,Saudi Arabia,Riyadh,AgriTech,Profitable SME,Private Limited,2017,173,18899000,-0.014,1.44,476,86.6,9,10,4,7.93,1,M&A Advisory,2022-05-15
CO0439,India,Mumbai,Real Estate,Seed,LLC,2016,10,1577000,-0.119,2.69,642,84.0,8,9,7,8.08,1,M&A Advisory,2021-10-30
CO0440,UAE,Dubai,AgriTech,Series B,Private Limited,2017,1108,387000,0.219,1.08,400,7.7,8,7,8,6.3,1,Fundraising,2024-09-05
CO0441,UAE,Sharjah,NBFC,Series A,Free Zone Entity,2018,48,786000,-0.088,0.32,700,98.7,8,5,4,6.62,1,M&A Advisory,2024-11-09
CO0442,Singapore,Singapore,ECommerce,Series B,Free Zone Entity,2022,695,13218000,-0.105,3.97,327,10.1,1,10,1,3.25,0,Strategic Advisory,
CO0443,UAE,Abu Dhabi,Retail,Growth,LLC,2010,1781,2488000,-0.149,0.62,836,29.2,1,10,1,3.63,1,Investor Matching,2021-01-12
CO0444,UAE,Sharjah,Retail,Pre-IPO,Sole Proprietorship,2015,835,1554000,-0.216,3.95,357,22.4,8,10,1,5.6,1,Due Diligence,2021-08-07
CO0445,Saudi Arabia,Riyadh,NBFC,Series A,Partnership,2006,77,3635000,-0.133,3.91,797,38.4,5,6,1,4.02,0,M&A Advisory,
CO0446,Egypt,Cairo,ECommerce,Seed,Free Zone Entity,2009,7,5478000,-0.069,3.18,596,23.1,9,3,5,5.16,0,M&A Advisory,
CO0447,Singapore,Singapore,EdTech,Seed,LLC,2006,34,11467000,0.138,2.64,433,53.6,2,5,4,3.92,0,Due Diligence,
CO0448,India,Pune,SaaS,Profitable SME,Partnership,2014,126,17061000,-0.259,2.31,630,43.0,9,8,9,7.81,1,M&A Advisory,2023-05-21
CO0449,UAE,Dubai,Real Estate,Pre-IPO,Sole Proprietorship,2006,108,1948000,-0.163,3.46,548,118.3,8,1,3,5.4,0,Due Diligence,
CO0450,UAE,Dubai,SaaS,Series B,Free Zone Entity,2015,480,611000,0.226,1.16,849,-2.7,9,1,7,4.7,1,Fundraising,2022-03-25
CO0451,India,Pune,EdTech,Growth,LLC,2022,687,1827000,-0.205,1.87,374,8.5,4,7,8,5.12,1,Strategic Advisory,2021-12-27
CO0452,India,Mumbai,EdTech,Growth,LLC,2019,1573,4100000,-0.077,2.48,467,-3.1,1,5,6,3.05,1,Strategic Advisory,2024-11-26
CO0453,India,Bangalore,Manufacturing,Series A,LLC,2013,56,944000,0.262,1.64,802,71.4,1,5,10,5.48,0,Investor Matching,
CO0454,Bahrain,Manama,CleanEnergy,Profitable SME,Free Zone Entity,2013,158,951000,-0.199,1.71,654,-2.9,5,1,1,2.0,1,M&A Advisory,2023-11-27
CO0455,UAE,Dubai,Manufacturing,Series B,Partnership,2007,1809,4532000,-0.246,1.32,524,98.7,2,9,8,6.82,1,Investor Matching,2023-08-10
CO0456,India,Pune,CleanEnergy,Series A,LLC,2013,55,2830000,0.015,2.26,830,56.6,8,1,10,6.28,1,Fundraising,2021-04-13
CO0457,UAE,Dubai,HealthTech,Series B,Sole Proprietorship,2018,1351,3120000,-0.103,3.4,445,58.5,10,5,3,6.17,0,Strategic Advisory,
CO0458,India,Chennai,AgriTech,Seed,LLC,2011,62,1207000,0.066,0.81,540,63.0,5,10,8,7.26,0,Fundraising,
CO0459,UAE,Dubai,ECommerce,Series A,Partnership,2020,79,2275000,0.222,3.74,643,12.2,5,9,4,4.99,1,Fundraising,2024-02-16
CO0460,UAE,Abu Dhabi,CleanEnergy,Growth,Free Zone Entity,2020,1238,990000,-0.211,2.76,334,15.7,2,4,8,3.91,0,M&A Advisory,
CO0461,UAE,Dubai,SaaS,Seed,LLC,2005,27,8731000,0.077,3.29,300,31.4,7,8,1,4.98,1,Fundraising,2022-05-26
CO0462,India,Pune,NBFC,Growth,LLC,2008,354,10391000,0.029,2.22,452,67.2,8,6,3,5.99,0,Strategic Advisory,
CO0463,India,Bangalore,Manufacturing,Series A,Sole Proprietorship,2008,26,327000,-0.206,3.12,728,17.3,10,3,6,5.6,1,Investor Matching,2021-09-06
CO0464,India,Pune,ECommerce,Series A,Sole Proprietorship,2011,21,983000,0.106,0.06,807,5.1,1,4,9,3.65,0,Strategic Advisory,
CO0465,Singapore,Singapore,Real Estate,Series A,LLC,2012,73,498000,-0.122,3.27,425,116.1,2,2,2,3.6,1,M&A Advisory,2023-07-24
CO0466,UAE,Sharjah,ECommerce,Series A,LLC,2021,15,1375000,0.017,0.16,790,-7.1,10,1,1,3.5,0,Strategic Advisory,
CO0467,UAE,Dubai,AgriTech,Growth,Sole Proprietorship,2009,870,2714000,-0.247,3.56,781,94.4,4,8,10,7.59,1,Due Diligence,2021-10-01
CO0468,Bahrain,Manama,HealthTech,Series A,Partnership,2011,39,527000,-0.001,3.97,644,92.4,5,1,3,4.35,1,Investor Matching,2023-08-10
CO0469,UAE,Sharjah,CleanEnergy,Series B,Private Limited,2008,392,992000,-0.101,1.18,520,28.6,2,1,4,2.42,1,Due Diligence,2024-09-29
CO0470,Singapore,Singapore,HealthTech,Series B,Private Limited,2010,996,899000,0.235,0.84,324,7.6,1,4,5,2.7,1,Due Diligence,2023-12-24
CO0471,UAE,Dubai,Real Estate,Growth,LLC,2011,948,3847000,-0.263,3.06,827,8.9,9,10,3,6.13,1,M&A Advisory,2024-02-19
CO0472,Singapore,Singapore,EdTech,Profitable SME,Sole Proprietorship,2022,1627,3260000,-0.028,1.01,481,80.7,1,10,10,6.91,0,Fundraising,
CO0473,UAE,Abu Dhabi,Retail,Growth,Free Zone Entity,2009,1427,1262000,-0.002,3.46,798,73.6,4,6,2,4.67,1,Due Diligence,2024-05-04
CO0474,Bahrain,Manama,Real Estate,Series A,Free Zone Entity,2007,32,3709000,0.171,0.41,341,91.8,2,9,2,5.19,0,Strategic Advisory,
CO0475,India,Chennai,Logistics,Seed,Private Limited,2011,51,1557000,0.073,0.5,780,111.9,4,1,7,5.2,0,Fundraising,
CO0476,Singapore,Singapore,Real Estate,Series A,Partnership,2018,43,2165000,0.134,3.92,738,80.0,8,7,9,8.0,0,Strategic Advisory,
CO0477,UAE,Sharjah,HealthTech,Series B,Private Limited,2011,811,22348000,0.205,2.7,701,10.3,8,10,10,7.61,0,Strategic Advisory,
CO0478,India,Pune,ECommerce,Seed,LLC,2009,77,14987000,0.26,3.39,845,21.6,9,5,2,4.88,0,Fundraising,
CO0479,Singapore,Singapore,NBFC,Series B,Partnership,2009,390,631000,-0.096,1.3,644,99.5,5,8,7,7.24,1,Fundraising,2022-10-12
CO0480,India,Pune,Manufacturing,Series B,Free Zone Entity,2006,991,8120000,0.05,2.71,344,17.2,7,7,7,5.94,0,Strategic Advisory,
CO0481,India,Delhi,NBFC,Series A,Sole Proprietorship,2010,76,7943000,0.246,2.38,320,-0.6,3,4,7,3.65,1,M&A Advisory,2023-06-26
CO0482,India,Delhi,HealthTech,Growth,Sole Proprietorship,2019,1053,756000,0.343,2.41,369,81.4,10,4,3,6.38,0,Investor Matching,
CO0483,India,Bangalore,Manufacturing,Seed,LLC,2014,71,8014000,0.278,2.73,347,42.3,4,6,7,5.3,0,Investor Matching,
CO0484,India,Chennai,Logistics,Seed,Private Limited,2011,8,18994000,-0.059,2.3,790,109.6,10,6,1,6.75,1,M&A Advisory,2024-06-08
CO0485,India,Chennai,Retail,Growth,LLC,2009,188,780000,-0.173,1.72,586,74.5,9,9,10,8.94,1,Fundraising,2023-10-31
CO0486,Bahrain,Manama,AgriTech,Series B,Sole Proprietorship,2005,408,998000,0.018,1.1,309,1.8,10,5,1,4.54,1,Strategic Advisory,2023-05-24
CO0487,UAE,Abu Dhabi,SaaS,Growth,Free Zone Entity,2017,885,10174000,0.182,3.07,841,113.2,10,8,5,8.25,0,Investor Matching,
CO0488,UAE,Dubai,HealthTech,Series B,Sole Proprietorship,2022,1572,4155000,0.02,0.91,573,23.6,1,5,2,2.52,0,Strategic Advisory,
CO0489,Egypt,Cairo,ECommerce,Series A,Partnership,2017,19,5815000,0.014,2.77,680,33.8,2,2,9,4.03,1,M&A Advisory,2024-01-28
CO0490,Bahrain,Manama,CleanEnergy,Pre-IPO,Sole Proprietorship,2022,1677,4515000,0.245,0.93,628,42.3,5,6,7,5.6,0,Strategic Advisory,
CO0491,India,Delhi,HealthTech,Growth,Sole Proprietorship,2009,1353,4794000,-0.065,2.5,778,-3.3,3,9,4,4.15,0,M&A Advisory,
CO0492,India,Hyderabad,HealthTech,Growth,Partnership,2017,1710,611000,0.259,2.99,314,54.5,2,3,4,3.44,1,Fundraising,2023-07-03
CO0493,UAE,Dubai,Manufacturing,Series A,Private Limited,2008,57,10542000,-0.036,0.87,815,6.0,1,1,2,1.17,1,M&A Advisory,2021-11-22
CO0494,UAE,Sharjah,Fintech,Series B,Sole Proprietorship,2021,958,12208000,-0.087,0.24,490,42.1,10,1,5,5.34,0,M&A Advisory,
CO0495,India,Chennai,Real Estate,Series A,LLC,2007,18,2278000,-0.005,0.52,467,35.6,3,3,4,3.36,0,Investor Matching,
CO0496,UAE,Abu Dhabi,ECommerce,Seed,Sole Proprietorship,2021,21,2847000,0.196,2.42,820,90.5,1,10,1,4.86,0,Strategic Advisory,
CO0497,India,Hyderabad,Fintech,Profitable SME,LLC,2015,188,478000,-0.218,3.4,436,94.4,1,5,8,5.44,1,Investor Matching,2023-08-31
CO0498,UAE,Abu Dhabi,Logistics,Seed,Partnership,2008,13,5561000,-0.172,0.18,453,9.9,1,3,3,2.0,1,Due Diligence,2023-07-11
CO0499,Singapore,Singapore,CleanEnergy,Profitable SME,Sole Proprietorship,2006,484,5960000,0.318,2.94,687,37.7,8,9,6,6.9,1,M&A Advisory,2022-06-15
CO0500,Singapore,Singapore,Retail,Series B,Partnership,2020,558,2784000,-0.186,1.37,508,38.5,3,8,4,4.67,1,Due Diligence,2022-05-22
